name,email,company,job_title,website,location,industry
Ethan Jones,ethan.jones@greenenergy.com,NextGenAI,HR Specialist,https://innovatex.io,"New York, USA",Energy
Ian Garcia,ian.garcia@greenenergy.com,NextGenAI,Business Analyst,https://futuresoft.ai,"London, UK",Transportation
Diana Brown,diana.brown@eduspark.edu,GreenEnergy,Business Analyst,https://innovatex.io,"New York, USA",Retail
Charlie Garcia,charlie.garcia@greenenergy.com,FutureSoft,HR Specialist,https://medtech.health,"New York, USA",Energy
Ethan Martinez,ethan.martinez@techcorp.com,EduSpark,HR Specialist,https://eduspark.edu,"San Francisco, USA",Manufacturing
George Garcia,george.garcia@greenenergy.com,TechCorp,CEO,https://eduspark.edu,"Sydney, Australia",Education
Ethan Garcia,ethan.garcia@globalreach.org,FutureSoft,Marketing Manager,https://nextgenai.net,"Berlin, Germany",Energy
Bob Wilson,bob.wilson@futuresoft.ai,TechCorp,HR Specialist,https://nextgenai.net,"Bangalore, India",Manufacturing
Fiona Davis,fiona.davis@greenenergy.com,MedTech,Sales Executive,https://innovatex.io,"San Francisco, USA",Media
George Williams,george.williams@nextgenai.net,FutureSoft,Business Analyst,https://greenenergy.com,"Sydney, Australia",Finance
Ian Garcia,ian.garcia@greenenergy.com,EduSpark,Data Scientist,https://innovatex.io,"New York, USA",Education
Alice Wilson,alice.wilson@medtech.health,NextGenAI,Software Engineer,https://nextgenai.net,"Berlin, Germany",Energy
Hannah Johnson,hannah.johnson@techcorp.com,NextGenAI,Sales Executive,https://medtech.health,"New York, USA",Healthcare
Alice Davis,alice.davis@eduspark.edu,FutureSoft,Data Scientist,https://nextgenai.net,"San Francisco, USA",Healthcare
Ethan Garcia,ethan.garcia@futuresoft.ai,FutureSoft,Product Manager,https://eduspark.edu,"Tokyo, Japan",Education
Alice Miller,alice.miller@medtech.health,NextGenAI,Business Analyst,https://medtech.health,"Bangalore, India",Healthcare
Bob Garcia,bob.garcia@medtech.health,EduSpark,CTO,https://innovatex.io,"Toronto, Canada",Healthcare
Fiona Brown,fiona.brown@eduspark.edu,GlobalReach,Software Engineer,https://innovatex.io,"Berlin, Germany",Finance
Diana Smith,diana.smith@globalreach.org,MedTech,UX Designer,https://medtech.health,"Bangalore, India",Manufacturing
George Wilson,george.wilson@innovatex.io,NextGenAI,HR Specialist,https://eduspark.edu,"Berlin, Germany",Media
Hannah Wilson,hannah.wilson@greenenergy.com,GlobalReach,Marketing Manager,https://globalreach.org,"San Francisco, USA",Manufacturing
Fiona Jones,fiona.jones@techcorp.com,EduSpark,Data Scientist,https://techcorp.com,"San Francisco, USA",Education
George Williams,george.williams@medtech.health,MedTech,Product Manager,https://greenenergy.com,"Tokyo, Japan",Education
Ian Johnson,ian.johnson@futuresoft.ai,GreenEnergy,CEO,https://techcorp.com,"Toronto, Canada",Finance
Fiona Jones,fiona.jones@greenenergy.com,MedTech,Sales Executive,https://nextgenai.net,"Sydney, Australia",Manufacturing
George Johnson,george.johnson@techcorp.com,EduSpark,UX Designer,https://futuresoft.ai,"Berlin, Germany",Manufacturing
Ian Brown,ian.brown@medtech.health,GlobalReach,CEO,https://futuresoft.ai,"New York, USA",Transportation
Bob Wilson,bob.wilson@nextgenai.net,GreenEnergy,Marketing Manager,https://medtech.health,"San Francisco, USA",Retail
Charlie Miller,charlie.miller@techcorp.com,InnovateX,Software Engineer,https://innovatex.io,"Bangalore, India",Manufacturing
Alice Miller,alice.miller@greenenergy.com,EduSpark,CTO,https://futuresoft.ai,"Tokyo, Japan",Retail
Alice Williams,alice.williams@medtech.health,EduSpark,Sales Executive,https://futuresoft.ai,"London, UK",Manufacturing
Julia Smith,julia.smith@techcorp.com,MedTech,CEO,https://techcorp.com,"London, UK",Retail
Hannah Brown,hannah.brown@globalreach.org,MedTech,CEO,https://futuresoft.ai,"London, UK",Retail
Hannah Johnson,hannah.johnson@medtech.health,GreenEnergy,Sales Executive,https://greenenergy.com,"Berlin, Germany",Retail
Ethan Williams,ethan.williams@medtech.health,NextGenAI,UX Designer,https://greenenergy.com,"Toronto, Canada",Healthcare
Bob Davis,bob.davis@eduspark.edu,EduSpark,UX Designer,https://futuresoft.ai,"Bangalore, India",Technology
Charlie Jones,charlie.jones@nextgenai.net,MedTech,Data Scientist,https://nextgenai.net,"London, UK",Finance
Fiona Smith,fiona.smith@innovatex.io,GreenEnergy,UX Designer,https://innovatex.io,"Bangalore, India",Retail
Charlie Williams,charlie.williams@innovatex.io,EduSpark,CEO,https://techcorp.com,"Bangalore, India",Healthcare
Fiona Garcia,fiona.garcia@globalreach.org,GreenEnergy,HR Specialist,https://globalreach.org,"San Francisco, USA",Manufacturing
Ethan Martinez,ethan.martinez@nextgenai.net,GreenEnergy,CTO,https://medtech.health,"London, UK",Healthcare
Diana Garcia,diana.garcia@futuresoft.ai,FutureSoft,Business Analyst,https://eduspark.edu,"San Francisco, USA",Energy
George Williams,george.williams@nextgenai.net,TechCorp,Product Manager,https://innovatex.io,"San Francisco, USA",Finance
Ethan Davis,ethan.davis@innovatex.io,TechCorp,Data Scientist,https://globalreach.org,"Berlin, Germany",Energy
Charlie Wilson,charlie.wilson@globalreach.org,NextGenAI,Marketing Manager,https://futuresoft.ai,"Berlin, Germany",Healthcare
Fiona Jones,fiona.jones@nextgenai.net,TechCorp,Business Analyst,https://futuresoft.ai,"New York, USA",Transportation
Hannah Miller,hannah.miller@techcorp.com,GlobalReach,Data Scientist,https://futuresoft.ai,"San Francisco, USA",Transportation
Charlie Miller,charlie.miller@futuresoft.ai,GlobalReach,Sales Executive,https://futuresoft.ai,"London, UK",Media
Hannah Martinez,hannah.martinez@innovatex.io,GlobalReach,CTO,https://greenenergy.com,"Berlin, Germany",Energy
George Wilson,george.wilson@futuresoft.ai,FutureSoft,Product Manager,https://medtech.health,"Tokyo, Japan",Real Estate
Fiona Wilson,fiona.wilson@eduspark.edu,FutureSoft,Product Manager,https://eduspark.edu,"New York, USA",Healthcare
Alice Smith,alice.smith@greenenergy.com,GlobalReach,Marketing Manager,https://greenenergy.com,"Berlin, Germany",Transportation
Diana Davis,diana.davis@greenenergy.com,InnovateX,Software Engineer,https://eduspark.edu,"Toronto, Canada",Technology
Fiona Davis,fiona.davis@techcorp.com,TechCorp,CEO,https://techcorp.com,"Bangalore, India",Energy
Hannah Davis,hannah.davis@nextgenai.net,FutureSoft,Software Engineer,https://nextgenai.net,"Toronto, Canada",Energy
Hannah Wilson,hannah.wilson@greenenergy.com,GreenEnergy,Software Engineer,https://medtech.health,"Bangalore, India",Retail
George Johnson,george.johnson@greenenergy.com,EduSpark,Data Scientist,https://futuresoft.ai,"Toronto, Canada",Healthcare
Bob Johnson,bob.johnson@globalreach.org,InnovateX,Business Analyst,https://globalreach.org,"Tokyo, Japan",Retail
Ethan Jones,ethan.jones@eduspark.edu,MedTech,Business Analyst,https://futuresoft.ai,"Toronto, Canada",Technology
Alice Wilson,alice.wilson@medtech.health,EduSpark,CTO,https://techcorp.com,"Toronto, Canada",Manufacturing
Ian Garcia,ian.garcia@futuresoft.ai,EduSpark,Data Scientist,https://greenenergy.com,"Toronto, Canada",Real Estate
Ian Davis,ian.davis@medtech.health,TechCorp,CEO,https://futuresoft.ai,"New York, USA",Media
Charlie Brown,charlie.brown@eduspark.edu,EduSpark,Business Analyst,https://innovatex.io,"Toronto, Canada",Healthcare
Diana Smith,diana.smith@futuresoft.ai,EduSpark,UX Designer,https://eduspark.edu,"Toronto, Canada",Healthcare
Charlie Martinez,charlie.martinez@globalreach.org,NextGenAI,UX Designer,https://eduspark.edu,"London, UK",Real Estate
Hannah Davis,hannah.davis@globalreach.org,EduSpark,Business Analyst,https://innovatex.io,"Bangalore, India",Real Estate
Charlie Garcia,charlie.garcia@globalreach.org,NextGenAI,Sales Executive,https://eduspark.edu,"London, UK",Manufacturing
Bob Martinez,bob.martinez@nextgenai.net,GlobalReach,UX Designer,https://globalreach.org,"Berlin, Germany",Healthcare
Bob Williams,bob.williams@innovatex.io,InnovateX,UX Designer,https://techcorp.com,"Tokyo, Japan",Education
Julia Johnson,julia.johnson@techcorp.com,NextGenAI,Product Manager,https://eduspark.edu,"London, UK",Manufacturing
Ian Williams,ian.williams@globalreach.org,NextGenAI,CEO,https://innovatex.io,"Tokyo, Japan",Finance
Fiona Williams,fiona.williams@innovatex.io,InnovateX,CEO,https://nextgenai.net,"New York, USA",Education
Ian Davis,ian.davis@medtech.health,MedTech,Sales Executive,https://globalreach.org,"Tokyo, Japan",Retail
Charlie Davis,charlie.davis@techcorp.com,FutureSoft,CEO,https://nextgenai.net,"New York, USA",Manufacturing
Fiona Davis,fiona.davis@eduspark.edu,TechCorp,Business Analyst,https://futuresoft.ai,"Berlin, Germany",Manufacturing
Ian Wilson,ian.wilson@nextgenai.net,TechCorp,HR Specialist,https://techcorp.com,"Tokyo, Japan",Education
Julia Garcia,julia.garcia@globalreach.org,NextGenAI,Data Scientist,https://futuresoft.ai,"Bangalore, India",Media
Fiona Martinez,fiona.martinez@eduspark.edu,TechCorp,Business Analyst,https://innovatex.io,"Sydney, Australia",Energy
Charlie Garcia,charlie.garcia@futuresoft.ai,FutureSoft,CEO,https://greenenergy.com,"Berlin, Germany",Real Estate
Alice Wilson,alice.wilson@innovatex.io,InnovateX,Business Analyst,https://medtech.health,"Sydney, Australia",Technology
Charlie Brown,charlie.brown@medtech.health,FutureSoft,Sales Executive,https://eduspark.edu,"San Francisco, USA",Media
Ethan Wilson,ethan.wilson@futuresoft.ai,EduSpark,Marketing Manager,https://nextgenai.net,"Sydney, Australia",Transportation
Julia Garcia,julia.garcia@futuresoft.ai,TechCorp,Business Analyst,https://techcorp.com,"Berlin, Germany",Real Estate
Hannah Wilson,hannah.wilson@nextgenai.net,FutureSoft,CEO,https://techcorp.com,"Sydney, Australia",Technology
Julia Martinez,julia.martinez@eduspark.edu,TechCorp,Marketing Manager,https://futuresoft.ai,"Bangalore, India",Manufacturing
Julia Brown,julia.brown@medtech.health,FutureSoft,Business Analyst,https://greenenergy.com,"Sydney, Australia",Education
Hannah Davis,hannah.davis@eduspark.edu,GlobalReach,UX Designer,https://futuresoft.ai,"Tokyo, Japan",Energy
Ethan Jones,ethan.jones@eduspark.edu,MedTech,CTO,https://techcorp.com,"London, UK",Real Estate
Fiona Martinez,fiona.martinez@medtech.health,GreenEnergy,Sales Executive,https://globalreach.org,"London, UK",Retail
Fiona Miller,fiona.miller@innovatex.io,EduSpark,Product Manager,https://eduspark.edu,"Toronto, Canada",Healthcare
Ian Garcia,ian.garcia@medtech.health,NextGenAI,CEO,https://innovatex.io,"Tokyo, Japan",Finance
Diana Martinez,diana.martinez@nextgenai.net,MedTech,CTO,https://futuresoft.ai,"Tokyo, Japan",Energy
Diana Garcia,diana.garcia@innovatex.io,NextGenAI,Marketing Manager,https://futuresoft.ai,"Tokyo, Japan",Retail
Bob Smith,bob.smith@futuresoft.ai,GreenEnergy,Product Manager,https://globalreach.org,"Sydney, Australia",Retail
Hannah Wilson,hannah.wilson@innovatex.io,InnovateX,Software Engineer,https://eduspark.edu,"New York, USA",Healthcare
Alice Jones,alice.jones@techcorp.com,InnovateX,UX Designer,https://eduspark.edu,"Toronto, Canada",Transportation
Hannah Davis,hannah.davis@medtech.health,NextGenAI,CTO,https://futuresoft.ai,"San Francisco, USA",Retail
Charlie Jones,charlie.jones@medtech.health,EduSpark,Sales Executive,https://medtech.health,"Sydney, Australia",Real Estate
Fiona Williams,fiona.williams@eduspark.edu,InnovateX,Data Scientist,https://medtech.health,"Berlin, Germany",Education
George Williams,george.williams@innovatex.io,EduSpark,HR Specialist,https://nextgenai.net,"San Francisco, USA",Retail
Fiona Brown,fiona.brown@innovatex.io,NextGenAI,Sales Executive,https://futuresoft.ai,"Tokyo, Japan",Manufacturing
Julia Johnson,julia.johnson@techcorp.com,GreenEnergy,Software Engineer,https://greenenergy.com,"Tokyo, Japan",Healthcare
Fiona Williams,fiona.williams@techcorp.com,FutureSoft,Marketing Manager,https://nextgenai.net,"New York, USA",Education
Alice Johnson,alice.johnson@techcorp.com,InnovateX,Data Scientist,https://innovatex.io,"New York, USA",Real Estate
Julia Garcia,julia.garcia@techcorp.com,TechCorp,Data Scientist,https://globalreach.org,"Tokyo, Japan",Real Estate
Hannah Johnson,hannah.johnson@eduspark.edu,InnovateX,Data Scientist,https://futuresoft.ai,"London, UK",Finance
Diana Garcia,diana.garcia@futuresoft.ai,EduSpark,Sales Executive,https://techcorp.com,"London, UK",Transportation
George Martinez,george.martinez@techcorp.com,GreenEnergy,Software Engineer,https://medtech.health,"Tokyo, Japan",Healthcare
Alice Brown,alice.brown@globalreach.org,GlobalReach,CTO,https://techcorp.com,"New York, USA",Technology
Charlie Johnson,charlie.johnson@futuresoft.ai,FutureSoft,Business Analyst,https://medtech.health,"New York, USA",Healthcare
Fiona Davis,fiona.davis@nextgenai.net,GreenEnergy,Software Engineer,https://eduspark.edu,"Berlin, Germany",Education
Ethan Garcia,ethan.garcia@globalreach.org,EduSpark,Data Scientist,https://nextgenai.net,"Tokyo, Japan",Media
Fiona Wilson,fiona.wilson@greenenergy.com,InnovateX,Business Analyst,https://medtech.health,"London, UK",Technology
George Brown,george.brown@eduspark.edu,FutureSoft,Data Scientist,https://eduspark.edu,"New York, USA",Media
Ethan Miller,ethan.miller@eduspark.edu,MedTech,HR Specialist,https://greenenergy.com,"Toronto, Canada",Manufacturing
Julia Smith,julia.smith@eduspark.edu,GlobalReach,Product Manager,https://globalreach.org,"Tokyo, Japan",Finance
Hannah Jones,hannah.jones@greenenergy.com,NextGenAI,Data Scientist,https://nextgenai.net,"Tokyo, Japan",Media
Fiona Martinez,fiona.martinez@eduspark.edu,GreenEnergy,CTO,https://nextgenai.net,"Tokyo, Japan",Manufacturing
Diana Johnson,diana.johnson@greenenergy.com,InnovateX,Sales Executive,https://medtech.health,"Tokyo, Japan",Education
Alice Wilson,alice.wilson@globalreach.org,GlobalReach,CEO,https://innovatex.io,"Sydney, Australia",Retail
Diana Smith,diana.smith@innovatex.io,InnovateX,Data Scientist,https://greenenergy.com,"London, UK",Real Estate
George Brown,george.brown@futuresoft.ai,TechCorp,CEO,https://globalreach.org,"New York, USA",Technology
Charlie Jones,charlie.jones@medtech.health,GlobalReach,Marketing Manager,https://futuresoft.ai,"London, UK",Retail
Alice Davis,alice.davis@greenenergy.com,MedTech,Data Scientist,https://greenenergy.com,"Toronto, Canada",Real Estate
Bob Wilson,bob.wilson@techcorp.com,EduSpark,Data Scientist,https://innovatex.io,"Bangalore, India",Finance
Hannah Williams,hannah.williams@futuresoft.ai,EduSpark,UX Designer,https://globalreach.org,"Bangalore, India",Energy
Fiona Jones,fiona.jones@globalreach.org,GreenEnergy,Sales Executive,https://nextgenai.net,"Bangalore, India",Real Estate
Charlie Wilson,charlie.wilson@greenenergy.com,MedTech,Sales Executive,https://techcorp.com,"San Francisco, USA",Transportation
Ethan Davis,ethan.davis@eduspark.edu,NextGenAI,CEO,https://greenenergy.com,"London, UK",Real Estate
Alice Williams,alice.williams@medtech.health,FutureSoft,Software Engineer,https://innovatex.io,"New York, USA",Energy
Bob Williams,bob.williams@nextgenai.net,GlobalReach,Software Engineer,https://medtech.health,"Berlin, Germany",Technology
Charlie Smith,charlie.smith@greenenergy.com,InnovateX,CTO,https://futuresoft.ai,"Bangalore, India",Education
Julia Davis,julia.davis@nextgenai.net,InnovateX,CEO,https://globalreach.org,"Bangalore, India",Real Estate
Ian Garcia,ian.garcia@medtech.health,GreenEnergy,HR Specialist,https://medtech.health,"Tokyo, Japan",Media
Ian Wilson,ian.wilson@medtech.health,TechCorp,Marketing Manager,https://greenenergy.com,"Bangalore, India",Education
Julia Jones,julia.jones@greenenergy.com,MedTech,CTO,https://techcorp.com,"Bangalore, India",Healthcare
George Martinez,george.martinez@eduspark.edu,GreenEnergy,Data Scientist,https://greenenergy.com,"Bangalore, India",Education
Charlie Martinez,charlie.martinez@globalreach.org,MedTech,HR Specialist,https://globalreach.org,"Toronto, Canada",Real Estate
Bob Brown,bob.brown@globalreach.org,FutureSoft,Marketing Manager,https://medtech.health,"Toronto, Canada",Education
Ian Wilson,ian.wilson@techcorp.com,EduSpark,Sales Executive,https://innovatex.io,"Sydney, Australia",Healthcare
George Miller,george.miller@globalreach.org,NextGenAI,Marketing Manager,https://nextgenai.net,"London, UK",Retail
Charlie Martinez,charlie.martinez@greenenergy.com,TechCorp,Product Manager,https://techcorp.com,"New York, USA",Real Estate
Fiona Williams,fiona.williams@greenenergy.com,FutureSoft,Data Scientist,https://techcorp.com,"Toronto, Canada",Manufacturing
Charlie Smith,charlie.smith@innovatex.io,MedTech,UX Designer,https://techcorp.com,"London, UK",Transportation
Charlie Williams,charlie.williams@greenenergy.com,TechCorp,CTO,https://globalreach.org,"New York, USA",Education
Ethan Davis,ethan.davis@globalreach.org,TechCorp,Data Scientist,https://nextgenai.net,"New York, USA",Technology
George Williams,george.williams@nextgenai.net,MedTech,Data Scientist,https://medtech.health,"London, UK",Healthcare
Bob Wilson,bob.wilson@innovatex.io,MedTech,Marketing Manager,https://medtech.health,"New York, USA",Finance
George Davis,george.davis@nextgenai.net,MedTech,Business Analyst,https://greenenergy.com,"New York, USA",Healthcare
Julia Brown,julia.brown@innovatex.io,MedTech,Product Manager,https://innovatex.io,"Berlin, Germany",Education
Bob Johnson,bob.johnson@innovatex.io,EduSpark,HR Specialist,https://techcorp.com,"Toronto, Canada",Retail
Ian Miller,ian.miller@nextgenai.net,GreenEnergy,Software Engineer,https://nextgenai.net,"London, UK",Education
Diana Smith,diana.smith@greenenergy.com,EduSpark,Data Scientist,https://medtech.health,"Toronto, Canada",Energy
Charlie Johnson,charlie.johnson@nextgenai.net,NextGenAI,CEO,https://techcorp.com,"London, UK",Energy
Fiona Wilson,fiona.wilson@innovatex.io,GreenEnergy,CTO,https://greenenergy.com,"Bangalore, India",Retail
Julia Williams,julia.williams@techcorp.com,TechCorp,Data Scientist,https://innovatex.io,"Berlin, Germany",Transportation
Alice Brown,alice.brown@nextgenai.net,GreenEnergy,Product Manager,https://futuresoft.ai,"Sydney, Australia",Technology
Fiona Garcia,fiona.garcia@globalreach.org,EduSpark,Business Analyst,https://greenenergy.com,"Toronto, Canada",Real Estate
Bob Garcia,bob.garcia@medtech.health,GreenEnergy,Sales Executive,https://globalreach.org,"Toronto, Canada",Transportation
Charlie Williams,charlie.williams@futuresoft.ai,TechCorp,Sales Executive,https://nextgenai.net,"Toronto, Canada",Transportation
George Brown,george.brown@futuresoft.ai,NextGenAI,HR Specialist,https://eduspark.edu,"Sydney, Australia",Technology
Ian Miller,ian.miller@greenenergy.com,InnovateX,HR Specialist,https://innovatex.io,"San Francisco, USA",Retail
George Garcia,george.garcia@nextgenai.net,GlobalReach,Product Manager,https://greenenergy.com,"Bangalore, India",Manufacturing
Julia Miller,julia.miller@globalreach.org,GlobalReach,CTO,https://innovatex.io,"Toronto, Canada",Retail
Ethan Johnson,ethan.johnson@innovatex.io,EduSpark,HR Specialist,https://globalreach.org,"Tokyo, Japan",Energy
Bob Miller,bob.miller@greenenergy.com,EduSpark,Business Analyst,https://techcorp.com,"Berlin, Germany",Healthcare
George Smith,george.smith@globalreach.org,InnovateX,Software Engineer,https://nextgenai.net,"New York, USA",Technology
Julia Wilson,julia.wilson@techcorp.com,GreenEnergy,Marketing Manager,https://eduspark.edu,"Sydney, Australia",Real Estate
Hannah Wilson,hannah.wilson@techcorp.com,GreenEnergy,UX Designer,https://nextgenai.net,"Berlin, Germany",Manufacturing
Julia Miller,julia.miller@techcorp.com,GreenEnergy,UX Designer,https://globalreach.org,"Toronto, Canada",Real Estate
Hannah Miller,hannah.miller@techcorp.com,FutureSoft,UX Designer,https://greenenergy.com,"San Francisco, USA",Healthcare
Alice Davis,alice.davis@futuresoft.ai,EduSpark,CEO,https://innovatex.io,"Bangalore, India",Manufacturing
Ethan Brown,ethan.brown@eduspark.edu,TechCorp,Sales Executive,https://innovatex.io,"San Francisco, USA",Media
Charlie Smith,charlie.smith@medtech.health,GreenEnergy,Sales Executive,https://globalreach.org,"Berlin, Germany",Transportation
Julia Martinez,julia.martinez@futuresoft.ai,FutureSoft,CEO,https://nextgenai.net,"Tokyo, Japan",Retail
Bob Martinez,bob.martinez@innovatex.io,NextGenAI,Sales Executive,https://techcorp.com,"Berlin, Germany",Media
Alice Martinez,alice.martinez@eduspark.edu,GlobalReach,Marketing Manager,https://globalreach.org,"Bangalore, India",Healthcare
Ethan Williams,ethan.williams@techcorp.com,GlobalReach,Product Manager,https://futuresoft.ai,"Berlin, Germany",Transportation
Julia Wilson,julia.wilson@eduspark.edu,GreenEnergy,Sales Executive,https://eduspark.edu,"London, UK",Media
Fiona Garcia,fiona.garcia@techcorp.com,EduSpark,UX Designer,https://nextgenai.net,"Berlin, Germany",Transportation
Ethan Miller,ethan.miller@greenenergy.com,GreenEnergy,Software Engineer,https://eduspark.edu,"Tokyo, Japan",Healthcare
Diana Martinez,diana.martinez@greenenergy.com,FutureSoft,Business Analyst,https://nextgenai.net,"San Francisco, USA",Healthcare
Ethan Davis,ethan.davis@greenenergy.com,FutureSoft,CTO,https://nextgenai.net,"San Francisco, USA",Manufacturing
George Wilson,george.wilson@eduspark.edu,FutureSoft,UX Designer,https://globalreach.org,"Tokyo, Japan",Transportation
George Miller,george.miller@eduspark.edu,EduSpark,CEO,https://eduspark.edu,"Tokyo, Japan",Transportation
Julia Brown,julia.brown@eduspark.edu,FutureSoft,Business Analyst,https://techcorp.com,"Sydney, Australia",Energy
Bob Wilson,bob.wilson@innovatex.io,GreenEnergy,Data Scientist,https://nextgenai.net,"Berlin, Germany",Technology
George Martinez,george.martinez@medtech.health,MedTech,Product Manager,https://futuresoft.ai,"Sydney, Australia",Media
Charlie Brown,charlie.brown@medtech.health,TechCorp,CTO,https://greenenergy.com,"Berlin, Germany",Retail
Bob Brown,bob.brown@eduspark.edu,EduSpark,UX Designer,https://medtech.health,"Bangalore, India",Energy
Julia Williams,julia.williams@globalreach.org,GlobalReach,Business Analyst,https://nextgenai.net,"San Francisco, USA",Education
Ethan Johnson,ethan.johnson@greenenergy.com,NextGenAI,CTO,https://futuresoft.ai,"San Francisco, USA",Technology
Hannah Miller,hannah.miller@greenenergy.com,InnovateX,CEO,https://eduspark.edu,"Tokyo, Japan",Energy
George Garcia,george.garcia@techcorp.com,TechCorp,Business Analyst,https://innovatex.io,"London, UK",Real Estate
Diana Davis,diana.davis@eduspark.edu,InnovateX,Data Scientist,https://medtech.health,"Sydney, Australia",Healthcare
Alice Garcia,alice.garcia@greenenergy.com,MedTech,Marketing Manager,https://innovatex.io,"London, UK",Retail
Charlie Davis,charlie.davis@futuresoft.ai,GlobalReach,CTO,https://futuresoft.ai,"London, UK",Energy
Fiona Brown,fiona.brown@innovatex.io,TechCorp,HR Specialist,https://medtech.health,"New York, USA",Education
Fiona Martinez,fiona.martinez@innovatex.io,NextGenAI,Software Engineer,https://techcorp.com,"New York, USA",Retail
Diana Wilson,diana.wilson@medtech.health,TechCorp,Sales Executive,https://greenenergy.com,"Berlin, Germany",Transportation
Hannah Smith,hannah.smith@techcorp.com,EduSpark,CTO,https://medtech.health,"Toronto, Canada",Real Estate
Diana Garcia,diana.garcia@nextgenai.net,GlobalReach,Software Engineer,https://futuresoft.ai,"Bangalore, India",Energy
Diana Garcia,diana.garcia@greenenergy.com,GlobalReach,CEO,https://eduspark.edu,"New York, USA",Real Estate
Julia Jones,julia.jones@techcorp.com,TechCorp,Software Engineer,https://medtech.health,"Bangalore, India",Media
Ethan Wilson,ethan.wilson@medtech.health,MedTech,Business Analyst,https://greenenergy.com,"Bangalore, India",Retail
Ethan Davis,ethan.davis@eduspark.edu,InnovateX,Sales Executive,https://nextgenai.net,"London, UK",Healthcare
Ethan Johnson,ethan.johnson@innovatex.io,MedTech,CEO,https://greenenergy.com,"Berlin, Germany",Media
George Garcia,george.garcia@eduspark.edu,TechCorp,Business Analyst,https://techcorp.com,"Berlin, Germany",Retail
Hannah Williams,hannah.williams@eduspark.edu,NextGenAI,CEO,https://nextgenai.net,"Berlin, Germany",Retail
Bob Martinez,bob.martinez@innovatex.io,EduSpark,Marketing Manager,https://globalreach.org,"Berlin, Germany",Retail
Fiona Davis,fiona.davis@techcorp.com,EduSpark,Marketing Manager,https://eduspark.edu,"New York, USA",Real Estate
Fiona Smith,fiona.smith@innovatex.io,MedTech,Marketing Manager,https://eduspark.edu,"Sydney, Australia",Energy
Julia Smith,julia.smith@medtech.health,FutureSoft,Marketing Manager,https://greenenergy.com,"London, UK",Education
Charlie Smith,charlie.smith@innovatex.io,EduSpark,UX Designer,https://globalreach.org,"Berlin, Germany",Technology
Alice Davis,alice.davis@innovatex.io,GreenEnergy,Marketing Manager,https://innovatex.io,"Toronto, Canada",Transportation
Ian Miller,ian.miller@greenenergy.com,TechCorp,CTO,https://nextgenai.net,"Bangalore, India",Media
Julia Miller,julia.miller@eduspark.edu,GreenEnergy,UX Designer,https://techcorp.com,"Sydney, Australia",Transportation
Fiona Williams,fiona.williams@futuresoft.ai,TechCorp,Product Manager,https://futuresoft.ai,"Berlin, Germany",Media
Charlie Jones,charlie.jones@nextgenai.net,NextGenAI,Marketing Manager,https://eduspark.edu,"London, UK",Healthcare
Julia Williams,julia.williams@globalreach.org,InnovateX,Business Analyst,https://eduspark.edu,"Toronto, Canada",Transportation
Charlie Williams,charlie.williams@eduspark.edu,FutureSoft,Product Manager,https://innovatex.io,"Sydney, Australia",Technology
Diana Wilson,diana.wilson@globalreach.org,TechCorp,CEO,https://medtech.health,"London, UK",Education
Fiona Johnson,fiona.johnson@greenenergy.com,FutureSoft,CTO,https://eduspark.edu,"Bangalore, India",Healthcare
Fiona Johnson,fiona.johnson@futuresoft.ai,TechCorp,HR Specialist,https://greenenergy.com,"Tokyo, Japan",Manufacturing
Julia Johnson,julia.johnson@medtech.health,NextGenAI,HR Specialist,https://innovatex.io,"Berlin, Germany",Media
Hannah Williams,hannah.williams@nextgenai.net,NextGenAI,Product Manager,https://greenenergy.com,"London, UK",Retail
Ethan Miller,ethan.miller@eduspark.edu,MedTech,Product Manager,https://greenenergy.com,"San Francisco, USA",Energy
Hannah Davis,hannah.davis@greenenergy.com,TechCorp,CEO,https://nextgenai.net,"Tokyo, Japan",Media
Alice Jones,alice.jones@techcorp.com,GreenEnergy,UX Designer,https://globalreach.org,"Toronto, Canada",Energy
Alice Brown,alice.brown@nextgenai.net,GreenEnergy,CTO,https://techcorp.com,"Berlin, Germany",Media
George Garcia,george.garcia@eduspark.edu,GlobalReach,CEO,https://globalreach.org,"Sydney, Australia",Finance
Ian Johnson,ian.johnson@medtech.health,EduSpark,CTO,https://techcorp.com,"Toronto, Canada",Finance
Hannah Wilson,hannah.wilson@globalreach.org,InnovateX,UX Designer,https://globalreach.org,"New York, USA",Transportation
Charlie Williams,charlie.williams@techcorp.com,FutureSoft,Software Engineer,https://medtech.health,"London, UK",Healthcare
Alice Davis,alice.davis@eduspark.edu,GreenEnergy,Marketing Manager,https://eduspark.edu,"Bangalore, India",Retail
Bob Martinez,bob.martinez@medtech.health,InnovateX,CEO,https://eduspark.edu,"San Francisco, USA",Finance
Bob Williams,bob.williams@nextgenai.net,FutureSoft,CTO,https://greenenergy.com,"Toronto, Canada",Healthcare
Julia Miller,julia.miller@nextgenai.net,EduSpark,Marketing Manager,https://nextgenai.net,"Bangalore, India",Transportation
Diana Johnson,diana.johnson@greenenergy.com,MedTech,CTO,https://innovatex.io,"Bangalore, India",Transportation
Ethan Garcia,ethan.garcia@medtech.health,EduSpark,CTO,https://nextgenai.net,"Sydney, Australia",Manufacturing
Bob Williams,bob.williams@medtech.health,GlobalReach,Data Scientist,https://eduspark.edu,"Sydney, Australia",Healthcare
Charlie Jones,charlie.jones@globalreach.org,FutureSoft,Sales Executive,https://greenenergy.com,"Tokyo, Japan",Real Estate
Julia Jones,julia.jones@eduspark.edu,GlobalReach,CEO,https://techcorp.com,"London, UK",Real Estate
Hannah Jones,hannah.jones@eduspark.edu,GlobalReach,Business Analyst,https://innovatex.io,"Toronto, Canada",Finance
Hannah Wilson,hannah.wilson@eduspark.edu,InnovateX,Sales Executive,https://medtech.health,"Sydney, Australia",Energy
Ian Jones,ian.jones@eduspark.edu,EduSpark,Data Scientist,https://nextgenai.net,"Bangalore, India",Healthcare
Bob Smith,bob.smith@medtech.health,GreenEnergy,Sales Executive,https://greenenergy.com,"Tokyo, Japan",Finance
Ethan Garcia,ethan.garcia@techcorp.com,InnovateX,HR Specialist,https://globalreach.org,"Bangalore, India",Media
Ian Miller,ian.miller@innovatex.io,EduSpark,UX Designer,https://globalreach.org,"London, UK",Finance
Ethan Davis,ethan.davis@innovatex.io,MedTech,Data Scientist,https://globalreach.org,"Toronto, Canada",Technology
Ethan Wilson,ethan.wilson@greenenergy.com,FutureSoft,Software Engineer,https://medtech.health,"New York, USA",Retail
Ethan Wilson,ethan.wilson@techcorp.com,NextGenAI,UX Designer,https://nextgenai.net,"Toronto, Canada",Energy
Ethan Davis,ethan.davis@medtech.health,InnovateX,Sales Executive,https://greenenergy.com,"Tokyo, Japan",Real Estate
Ian Jones,ian.jones@eduspark.edu,GlobalReach,Software Engineer,https://greenenergy.com,"Sydney, Australia",Real Estate
Diana Brown,diana.brown@futuresoft.ai,TechCorp,Software Engineer,https://eduspark.edu,"San Francisco, USA",Healthcare
Hannah Martinez,hannah.martinez@globalreach.org,GreenEnergy,CEO,https://medtech.health,"Toronto, Canada",Technology
Alice Jones,alice.jones@innovatex.io,GlobalReach,CEO,https://eduspark.edu,"San Francisco, USA",Real Estate
Ian Smith,ian.smith@greenenergy.com,NextGenAI,CTO,https://eduspark.edu,"London, UK",Media
Diana Brown,diana.brown@nextgenai.net,GlobalReach,UX Designer,https://greenenergy.com,"London, UK",Education
Ethan Jones,ethan.jones@eduspark.edu,FutureSoft,Software Engineer,https://greenenergy.com,"San Francisco, USA",Transportation
Bob Martinez,bob.martinez@greenenergy.com,MedTech,Software Engineer,https://nextgenai.net,"Toronto, Canada",Real Estate
Hannah Brown,hannah.brown@globalreach.org,GreenEnergy,CTO,https://techcorp.com,"Berlin, Germany",Transportation
Fiona Garcia,fiona.garcia@medtech.health,InnovateX,Data Scientist,https://nextgenai.net,"Tokyo, Japan",Healthcare
Ethan Martinez,ethan.martinez@innovatex.io,NextGenAI,Software Engineer,https://innovatex.io,"London, UK",Retail
Hannah Johnson,hannah.johnson@nextgenai.net,GreenEnergy,CTO,https://globalreach.org,"Toronto, Canada",Real Estate
Ethan Johnson,ethan.johnson@innovatex.io,TechCorp,Data Scientist,https://eduspark.edu,"Berlin, Germany",Media
Ethan Miller,ethan.miller@nextgenai.net,NextGenAI,Software Engineer,https://eduspark.edu,"Berlin, Germany",Transportation
Charlie Miller,charlie.miller@globalreach.org,InnovateX,Marketing Manager,https://medtech.health,"London, UK",Energy
George Jones,george.jones@greenenergy.com,NextGenAI,CTO,https://futuresoft.ai,"San Francisco, USA",Education
Diana Garcia,diana.garcia@nextgenai.net,FutureSoft,Sales Executive,https://nextgenai.net,"Sydney, Australia",Real Estate
Ian Williams,ian.williams@innovatex.io,TechCorp,UX Designer,https://greenenergy.com,"Sydney, Australia",Media
Ian Davis,ian.davis@eduspark.edu,NextGenAI,Marketing Manager,https://futuresoft.ai,"London, UK",Technology
George Garcia,george.garcia@eduspark.edu,EduSpark,HR Specialist,https://techcorp.com,"Toronto, Canada",Manufacturing
Alice Johnson,alice.johnson@innovatex.io,FutureSoft,CEO,https://techcorp.com,"Berlin, Germany",Retail
Julia Garcia,julia.garcia@eduspark.edu,GlobalReach,CTO,https://greenenergy.com,"London, UK",Healthcare
Hannah Miller,hannah.miller@innovatex.io,GlobalReach,Data Scientist,https://eduspark.edu,"San Francisco, USA",Energy
Charlie Brown,charlie.brown@medtech.health,GlobalReach,CEO,https://greenenergy.com,"Bangalore, India",Manufacturing
Ian Davis,ian.davis@innovatex.io,EduSpark,Data Scientist,https://innovatex.io,"San Francisco, USA",Media
Julia Martinez,julia.martinez@nextgenai.net,FutureSoft,Data Scientist,https://greenenergy.com,"Bangalore, India",Finance
Fiona Williams,fiona.williams@innovatex.io,EduSpark,Sales Executive,https://globalreach.org,"London, UK",Media
Ian Martinez,ian.martinez@globalreach.org,EduSpark,UX Designer,https://eduspark.edu,"Tokyo, Japan",Healthcare
Diana Wilson,diana.wilson@nextgenai.net,EduSpark,UX Designer,https://globalreach.org,"Bangalore, India",Manufacturing
Hannah Wilson,hannah.wilson@futuresoft.ai,GlobalReach,Marketing Manager,https://globalreach.org,"Berlin, Germany",Energy
Diana Johnson,diana.johnson@globalreach.org,TechCorp,HR Specialist,https://innovatex.io,"Tokyo, Japan",Finance
Alice Johnson,alice.johnson@medtech.health,NextGenAI,UX Designer,https://futuresoft.ai,"Tokyo, Japan",Retail
Charlie Johnson,charlie.johnson@futuresoft.ai,EduSpark,Product Manager,https://medtech.health,"San Francisco, USA",Transportation
Alice Williams,alice.williams@techcorp.com,TechCorp,UX Designer,https://techcorp.com,"Berlin, Germany",Education
George Garcia,george.garcia@globalreach.org,EduSpark,CEO,https://greenenergy.com,"Sydney, Australia",Education
Alice Smith,alice.smith@globalreach.org,GlobalReach,HR Specialist,https://medtech.health,"San Francisco, USA",Energy
George Jones,george.jones@globalreach.org,NextGenAI,Sales Executive,https://nextgenai.net,"London, UK",Energy
Ethan Johnson,ethan.johnson@techcorp.com,NextGenAI,Business Analyst,https://innovatex.io,"Tokyo, Japan",Energy
Fiona Garcia,fiona.garcia@globalreach.org,NextGenAI,Software Engineer,https://innovatex.io,"San Francisco, USA",Technology
Ian Davis,ian.davis@greenenergy.com,MedTech,Software Engineer,https://futuresoft.ai,"London, UK",Energy
Julia Wilson,julia.wilson@nextgenai.net,MedTech,Business Analyst,https://techcorp.com,"Sydney, Australia",Manufacturing
Ethan Davis,ethan.davis@nextgenai.net,NextGenAI,Data Scientist,https://nextgenai.net,"London, UK",Transportation
Charlie Jones,charlie.jones@techcorp.com,TechCorp,Software Engineer,https://innovatex.io,"New York, USA",Transportation
Fiona Jones,fiona.jones@nextgenai.net,GlobalReach,Product Manager,https://nextgenai.net,"Berlin, Germany",Real Estate
Julia Martinez,julia.martinez@globalreach.org,NextGenAI,Product Manager,https://futuresoft.ai,"Sydney, Australia",Transportation
Bob Johnson,bob.johnson@medtech.health,GreenEnergy,Data Scientist,https://greenenergy.com,"New York, USA",Media
Diana Brown,diana.brown@eduspark.edu,GlobalReach,Data Scientist,https://globalreach.org,"London, UK",Healthcare
George Davis,george.davis@futuresoft.ai,NextGenAI,Software Engineer,https://nextgenai.net,"Tokyo, Japan",Healthcare
Alice Wilson,alice.wilson@nextgenai.net,GlobalReach,Sales Executive,https://techcorp.com,"Sydney, Australia",Retail
Diana Brown,diana.brown@techcorp.com,TechCorp,Software Engineer,https://innovatex.io,"Toronto, Canada",Energy
Julia Martinez,julia.martinez@greenenergy.com,GreenEnergy,CEO,https://greenenergy.com,"Tokyo, Japan",Real Estate
Charlie Miller,charlie.miller@futuresoft.ai,GreenEnergy,CTO,https://futuresoft.ai,"San Francisco, USA",Retail
Fiona Johnson,fiona.johnson@nextgenai.net,GreenEnergy,Sales Executive,https://innovatex.io,"Bangalore, India",Media
Fiona Johnson,fiona.johnson@greenenergy.com,EduSpark,CEO,https://innovatex.io,"London, UK",Energy
Ian Miller,ian.miller@eduspark.edu,InnovateX,Software Engineer,https://eduspark.edu,"New York, USA",Media
George Miller,george.miller@innovatex.io,GlobalReach,Business Analyst,https://eduspark.edu,"Sydney, Australia",Finance
Julia Smith,julia.smith@innovatex.io,GlobalReach,CTO,https://greenenergy.com,"New York, USA",Media
Bob Jones,bob.jones@eduspark.edu,GreenEnergy,Software Engineer,https://medtech.health,"Sydney, Australia",Transportation
Ian Wilson,ian.wilson@nextgenai.net,EduSpark,HR Specialist,https://greenenergy.com,"London, UK",Healthcare
George Davis,george.davis@greenenergy.com,MedTech,CEO,https://eduspark.edu,"New York, USA",Manufacturing
Diana Johnson,diana.johnson@innovatex.io,FutureSoft,HR Specialist,https://greenenergy.com,"Toronto, Canada",Transportation
Diana Brown,diana.brown@medtech.health,InnovateX,Product Manager,https://eduspark.edu,"Tokyo, Japan",Retail
Alice Brown,alice.brown@techcorp.com,NextGenAI,CTO,https://innovatex.io,"San Francisco, USA",Media
George Garcia,george.garcia@greenenergy.com,GlobalReach,HR Specialist,https://medtech.health,"Bangalore, India",Energy
Charlie Williams,charlie.williams@eduspark.edu,MedTech,Product Manager,https://medtech.health,"Sydney, Australia",Healthcare
Julia Davis,julia.davis@greenenergy.com,MedTech,Sales Executive,https://innovatex.io,"London, UK",Transportation
Ethan Martinez,ethan.martinez@nextgenai.net,NextGenAI,Sales Executive,https://medtech.health,"Berlin, Germany",Media
Charlie Smith,charlie.smith@techcorp.com,EduSpark,HR Specialist,https://globalreach.org,"Bangalore, India",Healthcare
Fiona Miller,fiona.miller@greenenergy.com,EduSpark,Business Analyst,https://greenenergy.com,"Bangalore, India",Healthcare
Charlie Martinez,charlie.martinez@eduspark.edu,GlobalReach,Business Analyst,https://eduspark.edu,"New York, USA",Finance
Hannah Johnson,hannah.johnson@futuresoft.ai,InnovateX,CEO,https://medtech.health,"London, UK",Education
Ethan Wilson,ethan.wilson@medtech.health,GlobalReach,UX Designer,https://greenenergy.com,"Toronto, Canada",Finance
Fiona Johnson,fiona.johnson@globalreach.org,InnovateX,HR Specialist,https://medtech.health,"New York, USA",Real Estate
Alice Miller,alice.miller@innovatex.io,GreenEnergy,Sales Executive,https://medtech.health,"Berlin, Germany",Real Estate
Hannah Williams,hannah.williams@nextgenai.net,InnovateX,CEO,https://globalreach.org,"Toronto, Canada",Real Estate
Alice Jones,alice.jones@medtech.health,EduSpark,HR Specialist,https://globalreach.org,"New York, USA",Finance
Ethan Smith,ethan.smith@eduspark.edu,GlobalReach,Sales Executive,https://techcorp.com,"London, UK",Finance
Diana Wilson,diana.wilson@globalreach.org,MedTech,Software Engineer,https://greenenergy.com,"Tokyo, Japan",Media
Alice Garcia,alice.garcia@medtech.health,NextGenAI,Marketing Manager,https://nextgenai.net,"New York, USA",Real Estate
Hannah Brown,hannah.brown@techcorp.com,EduSpark,CEO,https://medtech.health,"London, UK",Real Estate
George Martinez,george.martinez@greenenergy.com,TechCorp,Software Engineer,https://techcorp.com,"Tokyo, Japan",Healthcare
Charlie Miller,charlie.miller@medtech.health,MedTech,UX Designer,https://techcorp.com,"New York, USA",Education
George Johnson,george.johnson@techcorp.com,InnovateX,CTO,https://medtech.health,"San Francisco, USA",Finance
Hannah Brown,hannah.brown@techcorp.com,FutureSoft,Product Manager,https://nextgenai.net,"New York, USA",Transportation
Julia Wilson,julia.wilson@eduspark.edu,EduSpark,Sales Executive,https://globalreach.org,"Toronto, Canada",Media
Bob Davis,bob.davis@globalreach.org,EduSpark,Business Analyst,https://greenenergy.com,"Sydney, Australia",Finance
Bob Williams,bob.williams@innovatex.io,NextGenAI,UX Designer,https://innovatex.io,"Tokyo, Japan",Manufacturing
George Garcia,george.garcia@eduspark.edu,GlobalReach,UX Designer,https://medtech.health,"Berlin, Germany",Media
Julia Martinez,julia.martinez@globalreach.org,InnovateX,Sales Executive,https://innovatex.io,"London, UK",Energy
Ethan Williams,ethan.williams@futuresoft.ai,GreenEnergy,Sales Executive,https://futuresoft.ai,"New York, USA",Education
Hannah Garcia,hannah.garcia@futuresoft.ai,GreenEnergy,UX Designer,https://eduspark.edu,"Bangalore, India",Real Estate
Hannah Martinez,hannah.martinez@futuresoft.ai,EduSpark,Sales Executive,https://eduspark.edu,"Toronto, Canada",Real Estate
Charlie Smith,charlie.smith@medtech.health,TechCorp,CTO,https://greenenergy.com,"Tokyo, Japan",Real Estate
Charlie Johnson,charlie.johnson@eduspark.edu,MedTech,Business Analyst,https://eduspark.edu,"London, UK",Education
Julia Brown,julia.brown@medtech.health,GreenEnergy,Marketing Manager,https://globalreach.org,"New York, USA",Energy
Ian Williams,ian.williams@globalreach.org,FutureSoft,Sales Executive,https://techcorp.com,"Tokyo, Japan",Technology
Ethan Wilson,ethan.wilson@techcorp.com,TechCorp,Marketing Manager,https://eduspark.edu,"Tokyo, Japan",Education
Julia Brown,julia.brown@medtech.health,GreenEnergy,UX Designer,https://greenenergy.com,"Berlin, Germany",Energy
Charlie Wilson,charlie.wilson@eduspark.edu,GreenEnergy,Data Scientist,https://techcorp.com,"London, UK",Manufacturing
Alice Garcia,alice.garcia@medtech.health,GreenEnergy,Sales Executive,https://futuresoft.ai,"Tokyo, Japan",Retail
Diana Martinez,diana.martinez@futuresoft.ai,GlobalReach,Marketing Manager,https://eduspark.edu,"Tokyo, Japan",Real Estate
Alice Brown,alice.brown@innovatex.io,MedTech,Data Scientist,https://innovatex.io,"Bangalore, India",Real Estate
Diana Wilson,diana.wilson@nextgenai.net,MedTech,HR Specialist,https://futuresoft.ai,"Toronto, Canada",Finance
Alice Davis,alice.davis@innovatex.io,InnovateX,HR Specialist,https://eduspark.edu,"Bangalore, India",Retail
Bob Garcia,bob.garcia@nextgenai.net,EduSpark,Business Analyst,https://globalreach.org,"Tokyo, Japan",Manufacturing
Fiona Davis,fiona.davis@globalreach.org,NextGenAI,Product Manager,https://nextgenai.net,"Tokyo, Japan",Media
Julia Jones,julia.jones@eduspark.edu,FutureSoft,CTO,https://techcorp.com,"London, UK",Manufacturing
Bob Wilson,bob.wilson@medtech.health,GreenEnergy,Data Scientist,https://greenenergy.com,"San Francisco, USA",Technology
George Smith,george.smith@innovatex.io,TechCorp,Business Analyst,https://nextgenai.net,"Toronto, Canada",Media
Charlie Miller,charlie.miller@futuresoft.ai,GreenEnergy,Software Engineer,https://techcorp.com,"London, UK",Finance
Diana Davis,diana.davis@techcorp.com,GlobalReach,CTO,https://nextgenai.net,"Toronto, Canada",Education
Charlie Smith,charlie.smith@techcorp.com,GreenEnergy,Product Manager,https://greenenergy.com,"New York, USA",Energy
Charlie Jones,charlie.jones@innovatex.io,InnovateX,Software Engineer,https://medtech.health,"Tokyo, Japan",Real Estate
Ian Davis,ian.davis@eduspark.edu,FutureSoft,Product Manager,https://medtech.health,"London, UK",Technology
George Miller,george.miller@globalreach.org,TechCorp,Product Manager,https://techcorp.com,"Bangalore, India",Healthcare
Alice Martinez,alice.martinez@greenenergy.com,MedTech,Product Manager,https://greenenergy.com,"Toronto, Canada",Energy
Ian Brown,ian.brown@eduspark.edu,FutureSoft,Marketing Manager,https://eduspark.edu,"San Francisco, USA",Finance
George Davis,george.davis@medtech.health,EduSpark,Software Engineer,https://globalreach.org,"New York, USA",Technology
George Garcia,george.garcia@innovatex.io,InnovateX,Data Scientist,https://innovatex.io,"Toronto, Canada",Education
Bob Davis,bob.davis@nextgenai.net,NextGenAI,UX Designer,https://globalreach.org,"Berlin, Germany",Education
Alice Johnson,alice.johnson@nextgenai.net,MedTech,CEO,https://innovatex.io,"London, UK",Healthcare
Julia Martinez,julia.martinez@nextgenai.net,TechCorp,Product Manager,https://medtech.health,"San Francisco, USA",Transportation
Charlie Smith,charlie.smith@eduspark.edu,EduSpark,Product Manager,https://medtech.health,"Sydney, Australia",Healthcare
Charlie Wilson,charlie.wilson@nextgenai.net,GreenEnergy,Data Scientist,https://nextgenai.net,"Tokyo, Japan",Technology
Bob Miller,bob.miller@greenenergy.com,GlobalReach,CEO,https://futuresoft.ai,"Berlin, Germany",Retail
Diana Jones,diana.jones@futuresoft.ai,InnovateX,CTO,https://medtech.health,"Bangalore, India",Education
George Martinez,george.martinez@eduspark.edu,InnovateX,Data Scientist,https://nextgenai.net,"Bangalore, India",Energy
Bob Wilson,bob.wilson@innovatex.io,NextGenAI,Business Analyst,https://futuresoft.ai,"Toronto, Canada",Real Estate
Ethan Jones,ethan.jones@innovatex.io,GreenEnergy,CTO,https://futuresoft.ai,"Toronto, Canada",Manufacturing
Diana Smith,diana.smith@medtech.health,TechCorp,Product Manager,https://innovatex.io,"New York, USA",Finance
Hannah Jones,hannah.jones@nextgenai.net,NextGenAI,CTO,https://techcorp.com,"Bangalore, India",Finance
Bob Williams,bob.williams@eduspark.edu,GlobalReach,Data Scientist,https://nextgenai.net,"Bangalore, India",Finance
Julia Davis,julia.davis@medtech.health,NextGenAI,UX Designer,https://greenenergy.com,"London, UK",Real Estate
Julia Garcia,julia.garcia@globalreach.org,NextGenAI,CTO,https://futuresoft.ai,"Berlin, Germany",Real Estate
Fiona Garcia,fiona.garcia@medtech.health,TechCorp,Software Engineer,https://globalreach.org,"Berlin, Germany",Education
Fiona Davis,fiona.davis@techcorp.com,InnovateX,Data Scientist,https://innovatex.io,"Toronto, Canada",Technology
Fiona Martinez,fiona.martinez@medtech.health,MedTech,CTO,https://globalreach.org,"Bangalore, India",Technology
Charlie Williams,charlie.williams@globalreach.org,GreenEnergy,CTO,https://innovatex.io,"Berlin, Germany",Manufacturing
Fiona Martinez,fiona.martinez@globalreach.org,MedTech,CEO,https://innovatex.io,"Tokyo, Japan",Manufacturing
Alice Brown,alice.brown@nextgenai.net,TechCorp,HR Specialist,https://nextgenai.net,"Toronto, Canada",Manufacturing
Hannah Davis,hannah.davis@greenenergy.com,InnovateX,Sales Executive,https://globalreach.org,"Toronto, Canada",Education
George Jones,george.jones@eduspark.edu,GlobalReach,CEO,https://globalreach.org,"Tokyo, Japan",Technology
Julia Martinez,julia.martinez@greenenergy.com,EduSpark,CTO,https://greenenergy.com,"Sydney, Australia",Transportation
Charlie Jones,charlie.jones@futuresoft.ai,InnovateX,Marketing Manager,https://medtech.health,"Sydney, Australia",Real Estate
George Garcia,george.garcia@futuresoft.ai,TechCorp,UX Designer,https://nextgenai.net,"Toronto, Canada",Education
Bob Martinez,bob.martinez@techcorp.com,FutureSoft,Marketing Manager,https://greenenergy.com,"Berlin, Germany",Transportation
Ian Miller,ian.miller@eduspark.edu,FutureSoft,Software Engineer,https://innovatex.io,"London, UK",Technology
Alice Davis,alice.davis@futuresoft.ai,GreenEnergy,Data Scientist,https://greenenergy.com,"Tokyo, Japan",Education
Charlie Garcia,charlie.garcia@futuresoft.ai,GreenEnergy,UX Designer,https://nextgenai.net,"Berlin, Germany",Energy
Hannah Garcia,hannah.garcia@innovatex.io,FutureSoft,Data Scientist,https://innovatex.io,"London, UK",Retail
Ian Williams,ian.williams@nextgenai.net,InnovateX,Sales Executive,https://innovatex.io,"London, UK",Manufacturing
Julia Martinez,julia.martinez@medtech.health,MedTech,Sales Executive,https://futuresoft.ai,"Berlin, Germany",Finance
Alice Jones,alice.jones@greenenergy.com,MedTech,Data Scientist,https://medtech.health,"London, UK",Finance
George Brown,george.brown@futuresoft.ai,GlobalReach,Product Manager,https://innovatex.io,"Tokyo, Japan",Transportation
George Jones,george.jones@nextgenai.net,InnovateX,HR Specialist,https://innovatex.io,"Toronto, Canada",Technology
Fiona Smith,fiona.smith@techcorp.com,InnovateX,Business Analyst,https://globalreach.org,"San Francisco, USA",Energy
Diana Brown,diana.brown@globalreach.org,FutureSoft,HR Specialist,https://greenenergy.com,"London, UK",Manufacturing
Hannah Brown,hannah.brown@techcorp.com,MedTech,CTO,https://medtech.health,"Tokyo, Japan",Media
Ian Miller,ian.miller@greenenergy.com,NextGenAI,Software Engineer,https://medtech.health,"Sydney, Australia",Media
Ethan Davis,ethan.davis@techcorp.com,InnovateX,Marketing Manager,https://nextgenai.net,"San Francisco, USA",Manufacturing
Fiona Johnson,fiona.johnson@futuresoft.ai,FutureSoft,CEO,https://futuresoft.ai,"Berlin, Germany",Transportation
Julia Johnson,julia.johnson@techcorp.com,MedTech,Business Analyst,https://eduspark.edu,"Bangalore, India",Manufacturing
Ethan Smith,ethan.smith@nextgenai.net,MedTech,Product Manager,https://greenenergy.com,"San Francisco, USA",Manufacturing
Diana Wilson,diana.wilson@eduspark.edu,FutureSoft,HR Specialist,https://greenenergy.com,"Sydney, Australia",Real Estate
George Brown,george.brown@greenenergy.com,GlobalReach,CTO,https://techcorp.com,"San Francisco, USA",Retail
Charlie Martinez,charlie.martinez@medtech.health,FutureSoft,Sales Executive,https://medtech.health,"Tokyo, Japan",Education
Fiona Williams,fiona.williams@innovatex.io,MedTech,CEO,https://greenenergy.com,"Berlin, Germany",Technology
Bob Brown,bob.brown@eduspark.edu,NextGenAI,Marketing Manager,https://futuresoft.ai,"New York, USA",Energy
Diana Johnson,diana.johnson@nextgenai.net,GreenEnergy,UX Designer,https://futuresoft.ai,"New York, USA",Real Estate
Fiona Davis,fiona.davis@medtech.health,FutureSoft,HR Specialist,https://eduspark.edu,"Bangalore, India",Retail
Charlie Davis,charlie.davis@eduspark.edu,NextGenAI,Product Manager,https://techcorp.com,"Berlin, Germany",Healthcare
Diana Miller,diana.miller@eduspark.edu,TechCorp,Data Scientist,https://innovatex.io,"New York, USA",Transportation
Charlie Jones,charlie.jones@medtech.health,InnovateX,Business Analyst,https://innovatex.io,"Bangalore, India",Healthcare
Ian Jones,ian.jones@globalreach.org,NextGenAI,HR Specialist,https://medtech.health,"London, UK",Retail
Alice Brown,alice.brown@innovatex.io,GlobalReach,UX Designer,https://medtech.health,"Berlin, Germany",Manufacturing
Ethan Williams,ethan.williams@medtech.health,EduSpark,Business Analyst,https://globalreach.org,"Toronto, Canada",Transportation
Ethan Miller,ethan.miller@greenenergy.com,EduSpark,Product Manager,https://eduspark.edu,"London, UK",Education
Charlie Garcia,charlie.garcia@nextgenai.net,MedTech,Sales Executive,https://eduspark.edu,"Toronto, Canada",Manufacturing
Julia Davis,julia.davis@innovatex.io,GreenEnergy,Business Analyst,https://futuresoft.ai,"London, UK",Education
Bob Williams,bob.williams@futuresoft.ai,GreenEnergy,Marketing Manager,https://futuresoft.ai,"Berlin, Germany",Energy
Ian Miller,ian.miller@greenenergy.com,EduSpark,Data Scientist,https://medtech.health,"Tokyo, Japan",Real Estate
Ethan Brown,ethan.brown@eduspark.edu,FutureSoft,CEO,https://eduspark.edu,"Tokyo, Japan",Education
Ian Brown,ian.brown@nextgenai.net,NextGenAI,UX Designer,https://medtech.health,"San Francisco, USA",Transportation
George Garcia,george.garcia@nextgenai.net,EduSpark,Data Scientist,https://eduspark.edu,"Berlin, Germany",Real Estate
Bob Davis,bob.davis@futuresoft.ai,GlobalReach,Software Engineer,https://greenenergy.com,"Sydney, Australia",Finance
Fiona Brown,fiona.brown@techcorp.com,GreenEnergy,Marketing Manager,https://techcorp.com,"Bangalore, India",Transportation
Ethan Smith,ethan.smith@eduspark.edu,EduSpark,Data Scientist,https://greenenergy.com,"Bangalore, India",Real Estate
Bob Miller,bob.miller@nextgenai.net,InnovateX,CEO,https://eduspark.edu,"Tokyo, Japan",Retail
Bob Jones,bob.jones@futuresoft.ai,FutureSoft,Business Analyst,https://nextgenai.net,"Toronto, Canada",Education
Fiona Martinez,fiona.martinez@techcorp.com,FutureSoft,CEO,https://innovatex.io,"Tokyo, Japan",Manufacturing
Bob Garcia,bob.garcia@globalreach.org,GreenEnergy,UX Designer,https://techcorp.com,"Tokyo, Japan",Education
Diana Smith,diana.smith@futuresoft.ai,FutureSoft,Sales Executive,https://techcorp.com,"London, UK",Energy
Hannah Jones,hannah.jones@innovatex.io,EduSpark,UX Designer,https://medtech.health,"London, UK",Retail
Bob Williams,bob.williams@globalreach.org,TechCorp,Marketing Manager,https://techcorp.com,"New York, USA",Transportation
Ian Jones,ian.jones@greenenergy.com,MedTech,CTO,https://globalreach.org,"Toronto, Canada",Healthcare
Charlie Williams,charlie.williams@innovatex.io,InnovateX,Data Scientist,https://eduspark.edu,"San Francisco, USA",Real Estate
Fiona Martinez,fiona.martinez@innovatex.io,EduSpark,CTO,https://nextgenai.net,"Tokyo, Japan",Transportation
Hannah Smith,hannah.smith@globalreach.org,GlobalReach,UX Designer,https://futuresoft.ai,"London, UK",Transportation
George Wilson,george.wilson@nextgenai.net,TechCorp,CEO,https://globalreach.org,"San Francisco, USA",Manufacturing
Charlie Martinez,charlie.martinez@futuresoft.ai,MedTech,Software Engineer,https://innovatex.io,"Tokyo, Japan",Education
George Johnson,george.johnson@nextgenai.net,GreenEnergy,Sales Executive,https://globalreach.org,"Bangalore, India",Transportation
Alice Martinez,alice.martinez@futuresoft.ai,GreenEnergy,CEO,https://greenenergy.com,"Sydney, Australia",Education
Julia Miller,julia.miller@techcorp.com,TechCorp,CEO,https://medtech.health,"Bangalore, India",Media
Ethan Davis,ethan.davis@futuresoft.ai,NextGenAI,Product Manager,https://futuresoft.ai,"San Francisco, USA",Media
Hannah Smith,hannah.smith@nextgenai.net,TechCorp,HR Specialist,https://greenenergy.com,"London, UK",Finance
Ian Johnson,ian.johnson@medtech.health,InnovateX,CEO,https://nextgenai.net,"San Francisco, USA",Transportation
Charlie Martinez,charlie.martinez@techcorp.com,InnovateX,CEO,https://eduspark.edu,"London, UK",Transportation
Diana Williams,diana.williams@nextgenai.net,EduSpark,Business Analyst,https://greenenergy.com,"London, UK",Technology
Alice Martinez,alice.martinez@techcorp.com,NextGenAI,CTO,https://greenenergy.com,"Bangalore, India",Finance
Alice Garcia,alice.garcia@innovatex.io,TechCorp,Software Engineer,https://innovatex.io,"Toronto, Canada",Media
Julia Johnson,julia.johnson@eduspark.edu,EduSpark,UX Designer,https://techcorp.com,"Tokyo, Japan",Real Estate
George Jones,george.jones@globalreach.org,InnovateX,Marketing Manager,https://greenenergy.com,"San Francisco, USA",Retail
Fiona Wilson,fiona.wilson@eduspark.edu,MedTech,Sales Executive,https://greenenergy.com,"Sydney, Australia",Transportation
George Johnson,george.johnson@eduspark.edu,GlobalReach,Software Engineer,https://greenenergy.com,"Toronto, Canada",Finance
Ian Garcia,ian.garcia@innovatex.io,NextGenAI,Sales Executive,https://eduspark.edu,"New York, USA",Finance
Hannah Smith,hannah.smith@nextgenai.net,InnovateX,CTO,https://innovatex.io,"Berlin, Germany",Healthcare
Julia Smith,julia.smith@futuresoft.ai,GreenEnergy,UX Designer,https://eduspark.edu,"Berlin, Germany",Education
Julia Brown,julia.brown@globalreach.org,FutureSoft,CTO,https://eduspark.edu,"Toronto, Canada",Transportation
Ethan Garcia,ethan.garcia@eduspark.edu,GlobalReach,UX Designer,https://medtech.health,"Bangalore, India",Real Estate
Hannah Wilson,hannah.wilson@innovatex.io,FutureSoft,Business Analyst,https://eduspark.edu,"Berlin, Germany",Finance
George Davis,george.davis@greenenergy.com,GreenEnergy,Software Engineer,https://innovatex.io,"Bangalore, India",Energy
Ian Brown,ian.brown@globalreach.org,GlobalReach,Business Analyst,https://techcorp.com,"Toronto, Canada",Media
Charlie Williams,charlie.williams@techcorp.com,GreenEnergy,Sales Executive,https://innovatex.io,"Toronto, Canada",Healthcare
Charlie Johnson,charlie.johnson@greenenergy.com,GlobalReach,UX Designer,https://globalreach.org,"Berlin, Germany",Real Estate
Hannah Garcia,hannah.garcia@nextgenai.net,GreenEnergy,Sales Executive,https://eduspark.edu,"Bangalore, India",Media
Diana Miller,diana.miller@globalreach.org,TechCorp,CTO,https://innovatex.io,"Berlin, Germany",Energy
Julia Williams,julia.williams@innovatex.io,NextGenAI,Business Analyst,https://techcorp.com,"Bangalore, India",Real Estate
George Smith,george.smith@greenenergy.com,InnovateX,Software Engineer,https://medtech.health,"San Francisco, USA",Energy
Fiona Martinez,fiona.martinez@greenenergy.com,GlobalReach,CTO,https://innovatex.io,"San Francisco, USA",Transportation
Fiona Martinez,fiona.martinez@greenenergy.com,TechCorp,HR Specialist,https://techcorp.com,"New York, USA",Education
Bob Brown,bob.brown@globalreach.org,EduSpark,Business Analyst,https://futuresoft.ai,"Toronto, Canada",Finance
Charlie Davis,charlie.davis@nextgenai.net,NextGenAI,HR Specialist,https://innovatex.io,"Berlin, Germany",Retail
George Davis,george.davis@futuresoft.ai,FutureSoft,UX Designer,https://globalreach.org,"Tokyo, Japan",Manufacturing
Julia Miller,julia.miller@techcorp.com,EduSpark,CEO,https://techcorp.com,"Berlin, Germany",Manufacturing
Julia Davis,julia.davis@greenenergy.com,GlobalReach,Product Manager,https://eduspark.edu,"San Francisco, USA",Real Estate
Fiona Jones,fiona.jones@futuresoft.ai,MedTech,Software Engineer,https://techcorp.com,"London, UK",Healthcare
Julia Wilson,julia.wilson@innovatex.io,TechCorp,Sales Executive,https://greenenergy.com,"London, UK",Education
Diana Smith,diana.smith@greenenergy.com,InnovateX,CTO,https://innovatex.io,"Sydney, Australia",Real Estate
Julia Garcia,julia.garcia@globalreach.org,InnovateX,Marketing Manager,https://futuresoft.ai,"Bangalore, India",Technology
George Martinez,george.martinez@globalreach.org,NextGenAI,HR Specialist,https://greenenergy.com,"Berlin, Germany",Finance
George Johnson,george.johnson@techcorp.com,NextGenAI,Marketing Manager,https://globalreach.org,"New York, USA",Finance
Bob Garcia,bob.garcia@nextgenai.net,GlobalReach,CTO,https://techcorp.com,"San Francisco, USA",Education
Fiona Jones,fiona.jones@innovatex.io,FutureSoft,Sales Executive,https://techcorp.com,"New York, USA",Transportation
Charlie Johnson,charlie.johnson@greenenergy.com,EduSpark,Product Manager,https://eduspark.edu,"Tokyo, Japan",Manufacturing
Hannah Garcia,hannah.garcia@eduspark.edu,TechCorp,Data Scientist,https://techcorp.com,"New York, USA",Retail
Hannah Brown,hannah.brown@medtech.health,InnovateX,Sales Executive,https://nextgenai.net,"Tokyo, Japan",Real Estate
George Miller,george.miller@futuresoft.ai,EduSpark,Marketing Manager,https://nextgenai.net,"Bangalore, India",Education
